title,dc_source,prism_url,posted,date
,,,,
The insignificant effect of increased sulfate concentration on nitrogen dynamics in eutrophic lakes: the neglected role of iron ions,Marine and Freshwater Research,https://www.publish.csiro.au/rss_feed/MF22086.htm,i,2022-10-13
Status of the zooplankton ecology in freshwater ecosystems from Argentina,Limnologica,https://www.sciencedirect.com/science/article/pii/S0075951122000652?dgcid=rss_sd_all,i,2022-10-13
Shallow lakes under alternative states differ in the dominant greenhouse gas emission pathways,Limnology and Oceanography,https://aslopubs.onlinelibrary.wiley.com/doi/10.1002/lno.12243?af=R,i,2022-10-13
Coupling Machine Learning Into Hydrodynamic Models to Improve River Modeling With Complex Boundary Conditions,Water Resources Research,https://agupubs.onlinelibrary.wiley.com/doi/10.1029/2022WR032183?af=R,i,2022-10-13
Regional estimation of river water temperature at ungauged locations,Journal of Hydrology X,https://www.sciencedirect.com/science/article/pii/S2589915522000153?dgcid=rss_sd_all,i,2022-10-13
Nonlinear multidecadal trends in organic matter dynamics in Midwest reservoirs are a function of variable hydroclimate,Limnology and Oceanography,https://aslopubs.onlinelibrary.wiley.com/doi/10.1002/lno.12220?af=R,i,2022-10-13
A framework for 210Pb model selection and its application to 37 cores from Eastern Canada to identify the dynamics and drivers of lake sedimentation rates.,ESSOAr,https://www.essoar.org/doi/abs/10.1002/essoar.10510735.1?mi=3f81mc&af=R&ConceptID=15968&content=preprints&countTerms=true&target=topic,i,2022-10-13
The climate benefit of sequestration in soils for warming mitigation,Biogeochemistry,http://link.springer.com/10.1007/s10533-022-00981-1,i,2022-10-13
Adaptive regulation based on the spatio‐temporal distribution of ecological flow surplus and deficit in the Hanjiang River basin,Ecohydrology,https://onlinelibrary.wiley.com/doi/10.1002/eco.2461?af=R,i,2022-10-13
To what extent does river routing matter in hydrological modeling?,HESS,https://doi.org/10.5194/hess-2022-338,i,2022-10-13
"Microplastic trapping in dam reservoirs driven by complex hydrosedimentary processes (Villerest Reservoir, Loire River, France)",Water Research,https://www.sciencedirect.com/science/article/pii/S0043135422011320?dgcid=rss_sd_all,i,2022-10-13
Effect of Restoration on Plant Greenness and Water Use in Relation to Drought in the Riparian Corridor of the Colorado River Delta,JAWRA,https://onlinelibrary.wiley.com/doi/10.1111/1752-1688.13036?af=R,i,2022-10-13
Evaluation of the water conservation capacity of the Weihe River Basin based on the Integrated Valuation of Ecosystem Services and Tradeoffs model,Ecohydrology,https://onlinelibrary.wiley.com/doi/10.1002/eco.2465?af=R,i,2022-10-13
Impact of Climate and Land Use Change on Economic Development in the Baoxing River Watershed in Giant Panda National Park,JAWRA,https://onlinelibrary.wiley.com/doi/10.1111/1752-1688.13057?af=R,i,2022-10-13
The colonisation of saline waters is associated with lowered immune responses in aquatic beetles,Freshwater Biology,https://onlinelibrary.wiley.com/doi/10.1111/fwb.13993?af=R,i,2022-10-13
Experimental thermocline deepening alters vertical distribution and community structure of phytoplankton in a 4‐year whole‐reservoir manipulation,Freshwater Biology,https://onlinelibrary.wiley.com/doi/10.1111/fwb.13983?af=R,i,2022-10-13
Urbanization and stream ecology: Moving the bar on                         multidisciplinary solutions to wicked urban stream problems,Freshwater Science,https://www.journals.uchicago.edu/doi/abs/10.1086/721470?af=R,i,2022-10-13
"Quantifying the ecological impacts of alien aquatic macrophytes: A global meta‐analysis of effects on fish, macroinvertebrate and macrophyte assemblages",Freshwater Biology,https://onlinelibrary.wiley.com/doi/10.1111/fwb.13985?af=R,i,2022-10-13
Phosphorus mobilization and delivery estimated from long-term high frequency water quality and discharge data,Frontiers in Water,https://www.frontiersin.org/articles/10.3389/frwa.2022.917813,i,2022-10-13
Local stressors mask the effects of warming in freshwater ecosystems,Ecology Letters,https://onlinelibrary.wiley.com/doi/10.1111/ele.14108?af=R,i,2022-10-13
Issue Information ‐ Cover and Ed Board,Freshwater Biology,https://onlinelibrary.wiley.com/doi/10.1111/fwb.13772?af=R,i,2022-10-13
"Epiphytic cyanobacterial strains in the roots of Salvinia auriculata and the effect of light and nutrients on the production of heterocyst, akinete and hormogo...",Aquatic Ecology,http://rd.springer.com/10.1007/s10452-021-09922-w,i,2022-10-13
An improved subgrid channel model with upwind form artificial diffusion for river hydrodynamics and floodplain inundation simulation,Geoscientific Model Development,https://doi.org/10.5194/gmd-2022-234,i,2022-10-13
[ASAP] Legacy of Coal Combustion: Widespread Contamination of Lake Sediments and Implications for Chronic Risks to Aquatic Ecosystems,Environmental Science and Technology,http://dx.doi.org/10.1021/acs.est.2c04717,i,2022-10-13
"Impacts of climate change on rivers and biodiversity in a water-scarce semi-arid region of the Western Cape, South Africa",Frontiers in Water,https://www.frontiersin.org/articles/10.3389/frwa.2022.949901,i,2022-10-13
Weighted stream temperature tolerance index is insensitive to                         changes in stream fish composition,Freshwater Science,https://www.journals.uchicago.edu/doi/abs/10.1086/721539?af=R,i,2022-10-13
NEOTROPICAL FRESHWATER FISHES: A dataset of occurrence and abundance of freshwater fishes in the Neotropics,Ecology,https://esajournals.onlinelibrary.wiley.com/doi/10.1002/ecy.3713?af=R,i,2022-10-13
Effects of relic low-head dams on stream denitrification potential: seasonality and biogeochemical controls,Aquatic Sciences,http://link.springer.com/10.1007/s00027-022-00894-z,i,2022-10-13
Resource limitation of autotrophs and heterotrophs in boreal forest headwater streams,Freshwater Science,https://www.journals.uchicago.edu/doi/abs/10.1086/722256?af=R,i,2022-10-13
Climate change alters aging patterns of reservoir aquatic habitats,Climatic Change,http://link.springer.com/10.1007/s10584-022-03432-w,i,2022-10-13
On ten high-mountain lakes of Corsica island (France) – A delayed report of an investigation in summer 1970,Limnologica,https://www.sciencedirect.com/science/article/pii/S0075951122000603?dgcid=rss_sd_all,i,2022-10-13
Choice of benthic macroinvertebrate‐based metrics for assessing water quality in the littoral zone under anthropogenic disturbance in southern Lake Kivu (East ...,Ecohydrology,https://onlinelibrary.wiley.com/doi/10.1002/eco.2468?af=R,i,2022-10-13
Cooperation under conflict: participatory hydrological modeling  for science policy dialogues for the Aculeo Lake,HESS,https://doi.org/10.5194/hess-26-5103-2022,i,2022-10-13
Six Decades of Thermal Change in a Pristine Lake Situated North of the Arctic Circle.,ESSOAr,https://www.essoar.org/doi/abs/10.1002/essoar.10510799.1?mi=3f81mc&af=R&ConceptID=15968&content=preprints&countTerms=true&target=topic,i,2022-10-13
Adapting classical water quality diagrams for ecohydrological and policy applications,Journal of Hydrology X,https://www.sciencedirect.com/science/article/pii/S2589915522000190?dgcid=rss_sd_all,i,2022-10-13
Landscape determinants of pelagic and benthic primary production in northern lakes,Global Change Biology,https://onlinelibrary.wiley.com/doi/10.1111/gcb.16409?af=R,i,2022-10-13
"Overwinter oxygen and silicate dynamics in a high Arctic lake (Immerk Lake, Devon Island, Canada)",Inland Waters,https://www.tandfonline.com/doi/full/10.1080/20442041.2022.2063623?af=R,i,2022-10-13
Accumulation of recalcitrant dissolved organic matter in aerobic aquatic systems,Limnology and Oceanography: Letters,https://aslopubs.onlinelibrary.wiley.com/doi/10.1002/lol2.10265?af=R,i,2022-10-13
The Colorado River Basin Operational Prediction Testbed: A Framework for Evaluating Streamflow Forecasts and Reservoir Operations,JAWRA,https://onlinelibrary.wiley.com/doi/10.1111/1752-1688.13038?af=R,i,2022-10-13
"Effects of spatially heterogeneous lakeside development on nearshore biotic communities in a large, deep, oligotrophic lake",Limnology and Oceanography,https://aslopubs.onlinelibrary.wiley.com/doi/10.1002/lno.12228?af=R,i,2022-10-13
‘Asian water towers’ are not a sustainable solution to the downstream water crisis,Science of the Total Environment,https://www.sciencedirect.com/science/article/pii/S0048969722063367?dgcid=rss_sd_all,i,2022-10-13
Isotopic niches of Silver Carp and two native planktivores in a large reservoir,Freshwater Science,https://www.journals.uchicago.edu/doi/abs/10.1086/722054?af=R,i,2022-10-13
Distribution patterns of macrophytes in shallow lakes of the lower Paraná River floodplain: Associations with environmental conditions,Freshwater Biology,https://onlinelibrary.wiley.com/doi/10.1111/fwb.13999?af=R,i,2022-10-13
TLT: Recurrent fine-tuning transfer learning for water quality long-term prediction,Water Research,https://www.sciencedirect.com/science/article/pii/S0043135422011162?dgcid=rss_sd_all,i,2022-10-13
A generically parameterized model of Lake eutrophication: The impact of Stoichiometric ratios and constraints on the abundance of natural phytoplankton communi...,Ecological Modelling,https://www.sciencedirect.com/science/article/pii/S0304380022002435?dgcid=rss_sd_all,i,2022-10-13
"Effects of Reservoir Levels on Arizona National Recreation Area Visitation, Visitor Spending, and Local Economies",JAWRA,https://onlinelibrary.wiley.com/doi/10.1111/1752-1688.12962?af=R,i,2022-10-13
Estimation of sulfur fate and contribution to VSC emissions from lakes during algae decay,Science of the Total Environment,https://www.sciencedirect.com/science/article/pii/S0048969722062921?dgcid=rss_sd_all,i,2022-10-13
A regional hydrological model for arid and semi-arid river basins with consideration of irrigation,Environmental Modelling & Software,https://www.sciencedirect.com/science/article/pii/S1364815222002316?dgcid=rss_sd_all,i,2022-10-13
Where and When Does Streamflow Regulation Significantly Affect Climate Change Outcomes in the Columbia River Basin?,Water Resources Research,https://agupubs.onlinelibrary.wiley.com/doi/10.1029/2022WR031950?af=R,i,2022-10-13
Planktonic microbial communities from microbialite‐bearing lakes sampled along a salinity‐alkalinity gradient,Limnology and Oceanography,https://aslopubs.onlinelibrary.wiley.com/doi/10.1002/lno.12233?af=R,i,2022-10-13
Highlighting assumptions of community engagement in urban stream                         restoration,Freshwater Science,https://www.journals.uchicago.edu/doi/abs/10.1086/721540?af=R,i,2022-10-13
The Importance of Lake Emergent Aquatic Vegetation for Estimating Arctic-Boreal Methane Emissions.,ESSOAr,https://www.essoar.org/doi/abs/10.1002/essoar.10509434.3?mi=3f81mc&af=R&ConceptID=15968&content=preprints&countTerms=true&target=topic,i,2022-10-13
Impacts of residential fertilizer ordinances on Florida lacustrine water quality,Limnology and Oceanography: Letters,https://aslopubs.onlinelibrary.wiley.com/doi/10.1002/lol2.10279?af=R,i,2022-10-13
Evaluating Global Climate Models for Hydrological Studies of the Upper Colorado River Basin,JAWRA,https://onlinelibrary.wiley.com/doi/10.1111/1752-1688.12974?af=R,i,2022-10-13
Flushing the Lake Littoral Region: The Interaction of Differential Cooling and Mild Winds.,ESSOAr,https://www.essoar.org/doi/abs/10.1002/essoar.10508544.1?mi=3f81mc&af=R&ConceptID=15968&content=preprints&countTerms=true&target=topic,i,2022-10-13
Population dynamics and dietary habits of monkey goby (Neogobius fluviatilis) in its native range in the Dnieper River basin,Marine and Freshwater Research,https://www.publish.csiro.au/rss_feed/MF22049.htm,i,2022-10-13
Thermal traits of freshwater macroinvertebrates vary with feeding group and phylogeny,Freshwater Biology,https://onlinelibrary.wiley.com/doi/10.1111/fwb.13992?af=R,i,2022-10-13
"Impacts of different types of El Niño events on water quality over the Corn Belt, United States",HESS,https://doi.org/10.5194/hess-26-4875-2022,i,2022-10-13
Prey naiveté alters the balance of consumptive and non‐consumptive predator effects and shapes trophic cascades in freshwater plankton,Oikos,https://onlinelibrary.wiley.com/doi/10.1111/oik.09173?af=R,i,2022-10-13
"Causes and consequences of recent degradation of the Magdalena River basin, Colombia",Limnology and Oceanography: Letters,https://aslopubs.onlinelibrary.wiley.com/doi/10.1002/lol2.10272?af=R,i,2022-10-13
Effects of chloride and nutrients on freshwater plankton communities,Limnology and Oceanography: Letters,https://aslopubs.onlinelibrary.wiley.com/doi/10.1002/lol2.10202?af=R,i,2022-10-13
Influences of stream ecosystem respiration on stream network                         denitrification: Results from a simulation modeling                       ...,Freshwater Science,https://www.journals.uchicago.edu/doi/abs/10.1086/720720?af=R,i,2022-10-13
Potential role of submerged macrophytes for oxic methane production in aquatic ecosystems,Limnology and Oceanography,https://aslopubs.onlinelibrary.wiley.com/doi/10.1002/lno.12095?af=R,i,2022-10-13
Interactive effects of increasing chloride concentration and warming on freshwater plankton communities,Limnology and Oceanography: Letters,https://aslopubs.onlinelibrary.wiley.com/doi/10.1002/lol2.10278?af=R,i,2022-10-13
Potential for soil legacy phosphorus release from restored riparian wetlands within an agricultural landscape,Biogeochemistry,http://link.springer.com/10.1007/s10533-022-00972-2,i,2022-10-13
Ammonia-oxidizing archaea and ammonium concentration as drivers of nitrification in a protected freshwater lake,Freshwater Science,https://www.journals.uchicago.edu/doi/abs/10.1086/721921?af=R,i,2022-10-13
"Reconstructing diets of hunted sika deer from Torihama Shell Midden site (ca6,000 years ago) by dental microwear texture analysis",Frontiers in Ecology and Evolution,https://www.frontiersin.org/articles/10.3389/fevo.2022.957038,i,2022-10-13
Fish community composition in small lakes: The impact of lake genesis and fisheries management,Freshwater Biology,https://onlinelibrary.wiley.com/doi/10.1111/fwb.14001?af=R,i,2022-10-13
"Sensitivity of Remotely Sensed Vegetation to Hydrologic Predictors across the Colorado River Basin, 2001–2019",JAWRA,https://onlinelibrary.wiley.com/doi/10.1111/1752-1688.12965?af=R,i,2022-10-13
Carbon fluxes in subtropical shallow lakes: contrasting regimes differ in CH4 emissions,Hydrobiologia,http://link.springer.com/10.1007/s10750-021-04752-1,i,2022-10-13
Select Water Quality Parameters during Wet and Dry Conditions in the Colorado River Delta,JAWRA,https://onlinelibrary.wiley.com/doi/10.1111/1752-1688.13047?af=R,i,2022-10-13
"Interannual and seasonal relationships between photosynthesis and summer soil moisture in the Ili River basin, Xinjiang, 2000–2018",Science of the Total Environment,https://www.sciencedirect.com/science/article/pii/S0048969722062908?dgcid=rss_sd_all,i,2022-10-13
Effects of inundation on water quality and invertebrates in semiarid floodplain wetlands,Inland Waters,https://www.tandfonline.com/doi/full/10.1080/20442041.2022.2057164?af=R,i,2022-10-13
Unravelling nutrient fate and CO<sub>2</sub> concentrations in the reservoirs of the Seine Basin using a modelling approach,Water Research,https://www.sciencedirect.com/science/article/pii/S0043135422010818?dgcid=rss_sd_all,i,2022-10-13
Integrated evaluation of the reactive oxygen species (ROS) production characteristics in one large lake under alternating flood and drought conditions,Water Research,https://www.sciencedirect.com/science/article/pii/S004313542201082X?dgcid=rss_sd_all,i,2022-10-13
Site contributions to phytoplankton beta diversity along two subtropical reservoirs,Aquatic Sciences,http://link.springer.com/10.1007/s00027-022-00890-3,i,2022-10-13
Carbon and nutrients regulate greenhouse gas fluxes from oxic stream sediments,Biogeochemistry,http://link.springer.com/10.1007/s10533-022-00955-3,i,2022-10-13
How intensive revegetation affects runoff in semiarid watersheds: A case study based on an integrated modelling framework,Ecohydrology,https://onlinelibrary.wiley.com/doi/10.1002/eco.2451?af=R,i,2022-10-13
Stream macroinvertebrate reintroductions: A cautionary approach                         for restored urban streams,Freshwater Science,https://www.journals.uchicago.edu/doi/abs/10.1086/721471?af=R,i,2022-10-13
Dissolved organic matter mediates the effects of warming and inorganic nutrients on a lake planktonic food web,Limnology and Oceanography,https://aslopubs.onlinelibrary.wiley.com/doi/10.1002/lno.12177?af=R,i,2022-10-13
Colorado River Water Use and Climate: Model and Application,JAWRA,https://onlinelibrary.wiley.com/doi/10.1111/1752-1688.13035?af=R,i,2022-10-13
Taxonomic diversity of the freshwater Zooplankton in Argentina: A review,Limnologica,https://www.sciencedirect.com/science/article/pii/S0075951122000834?dgcid=rss_sd_all,i,2022-10-13
Evaluate River Water Salinity in a Semi‐Arid Agricultural Watershed by Coupling Ensemble Machine Learning Technique with SWAT Model,JAWRA,https://onlinelibrary.wiley.com/doi/10.1111/1752-1688.12958?af=R,i,2022-10-13
A review of the zooplankton studies in Paraguay’s freshwater environments,Limnologica,https://www.sciencedirect.com/science/article/pii/S0075951122000871?dgcid=rss_sd_all,i,2022-10-13
The limnological response of Arctic deltaic lakes to alterations in flood regime,Inland Waters,https://www.tandfonline.com/doi/full/10.1080/20442041.2022.2030628?af=R,i,2022-10-13
Effects of climate change on inter-basin exchange in Lower Lake Constance.,ESSOAr,https://www.essoar.org/doi/abs/10.1002/essoar.10506066.2?mi=3f81mc&af=R&ConceptID=15968&content=preprints&countTerms=true&target=topic,i,2022-10-13
Issue Information ‐ Author Guidelines,Freshwater Biology,https://onlinelibrary.wiley.com/doi/10.1111/fwb.13770?af=R,i,2022-10-13
"Responses of survival, growth, and feeding of the invasive Golden                         Apple Snail (Pomacea canaliculata) to salinity                       ...",Freshwater Science,https://www.journals.uchicago.edu/doi/abs/10.1086/721026?af=R,i,2022-10-13
Advancing reservoir operations modelling in SWAT to reduce socio-ecological tradeoffs,Environmental Modelling & Software,https://www.sciencedirect.com/science/article/pii/S1364815222002274?dgcid=rss_sd_all,i,2022-10-13
Phosphorus sorption characteristics and interactions with leaf litter-derived dissolved organic matter leachate in iron-rich sediments of a sub-tropical epheme...,Aquatic Sciences,http://link.springer.com/10.1007/s00027-022-00888-x,i,2022-10-13
Association of landscape and environmental variables with the recruitment of the freshwater pearl mussel (<em>Margaritifera margaritifera</em>) in Norway,Limnologica,https://www.sciencedirect.com/science/article/pii/S0075951122000858?dgcid=rss_sd_all,i,2022-10-13
Qc threshold departs from theoretical                             Qc in urban watersheds: The role of                         streambed mobility data in managi...,Freshwater Science,https://www.journals.uchicago.edu/doi/abs/10.1086/720939?af=R,i,2022-10-13
Meta‐ecosystem dynamics drive the spatial distribution of functional groups in river networks,Oikos,https://onlinelibrary.wiley.com/doi/10.1111/oik.09372?af=R,i,2022-10-13
Effect of topographic slope on the export of nitrate in humid catchments: a 3D model study,HESS,https://doi.org/10.5194/hess-26-5051-2022,i,2022-10-13
"A >200 ka U-Th based chronology from lacustrine evaporites, Searles Lake, CA.",ESSOAr,https://www.essoar.org/doi/abs/10.1002/essoar.10512405.2?mi=3f81mc&af=R&ConceptID=15968&content=preprints&countTerms=true&target=topic,i,2022-10-13
The Press and Pulse of Climate Change: Extreme Events in the Colorado River Basin,JAWRA,https://onlinelibrary.wiley.com/doi/10.1111/1752-1688.13021?af=R,i,2022-10-13
"Limnological characteristics of Lake of the Ozarks (Missouri, USA): long-term assessment following formation of a reservoir series",Lake and Reservoir Management,https://www.tandfonline.com/doi/full/10.1080/10402381.2022.2109534?af=R,i,2022-10-13
Response of phytoplankton community composition to physicochemical and meteorological factors under different hydrological conditions in Lake Diefenbaker,Science of the Total Environment,https://www.sciencedirect.com/science/article/pii/S0048969722063094?dgcid=rss_sd_all,i,2022-10-13
"High temperature, predation, nutrient, and food quality drive dominance of small-sized zooplankton in Neotropical lakes",Aquatic Sciences,http://link.springer.com/10.1007/s00027-022-00881-4,i,2022-10-13
Remotely Sensing River Greenhouse Gas Exchange Velocity Using the SWOT Satellite,Global Biogeochemical Cycles,https://agupubs.onlinelibrary.wiley.com/doi/10.1029/2022GB007419?af=R,i,2022-10-13
The drawdown phase of dam decommissioning is a hot moment of gaseous carbon emissions from a temperate reservoir,Inland Waters,https://www.tandfonline.com/doi/full/10.1080/20442041.2022.2096977?af=R,i,2022-10-13
Applying early warning indicators to predict critical transitions in a lake undergoing multiple changes,Ecological Applications,https://esajournals.onlinelibrary.wiley.com/doi/10.1002/eap.2685?af=R,i,2022-10-13
"Habitat complexity in shallow lakes and ponds: importance, threats, and potential for restoration",Hydrobiologia,http://link.springer.com/10.1007/s10750-021-04771-y,i,2022-10-13
Front Matter,Freshwater Science,https://www.journals.uchicago.edu/doi/abs/10.1086/722399?af=R,i,2022-10-13
Implementation of heuristic search algorithms in the calibration of a river hydraulic model,Environmental Modelling & Software,https://www.sciencedirect.com/science/article/pii/S1364815222002377?dgcid=rss_sd_all,i,2022-10-13
Decision Science Can Help Address the Challenges of Long‐Term Planning in the Colorado River Basin,JAWRA,https://onlinelibrary.wiley.com/doi/10.1111/1752-1688.12985?af=R,i,2022-10-13
Isolation and characterisation of monoclonal picocyanobacterial strains from contrasting New Zealand lakes,Inland Waters,https://www.tandfonline.com/doi/full/10.1080/20442041.2022.2053455?af=R,i,2022-10-13
Potential effects of warming on the trophic structure of shallow lakes in South America: a comparative analysis of subtropical and tropical systems,Hydrobiologia,http://link.springer.com/10.1007/s10750-021-04753-0,i,2022-10-13
Predator-permanence hypothesis in time: Community dynamics in a seasonally flooded wetland,Freshwater Science,https://www.journals.uchicago.edu/doi/abs/10.1086/721960?af=R,i,2022-10-13
Meadows and mussels – The relationship between historical irrigation systems and the habitat of the freshwater pearl mussel <em>Margaritifera margaritifera</em...,Limnologica,https://www.sciencedirect.com/science/article/pii/S0075951122000482?dgcid=rss_sd_all,i,2022-10-13
Depth and basin shape constrain ecosystem metabolism in lakes dominated by benthic primary producers,Limnology and Oceanography,https://aslopubs.onlinelibrary.wiley.com/doi/10.1002/lno.12236?af=R,i,2022-10-13
Streamflow data availability in Europe: a detailed dataset of interpolated flow-duration curves,Earth System Science Data,https://doi.org/10.5194/essd-14-4435-2022,i,2022-10-13
Influence of fisheries and shoreline management on limnological characteristics of three Missouri reservoirs,Inland Waters,https://www.tandfonline.com/doi/full/10.1080/20442041.2022.2037991?af=R,i,2022-10-13
"Influence of blueback herring, Alosa aestivalis, on zooplankton in a southeastern US reservoir",Lake and Reservoir Management,https://www.tandfonline.com/doi/full/10.1080/10402381.2022.2072418?af=R,i,2022-10-13
Multivariate polynomial regression modeling of total dissolved-solids in rangeland stormwater runoff in the Colorado River Basin,Environmental Modelling & Software,https://www.sciencedirect.com/science/article/pii/S1364815222002237?dgcid=rss_sd_all,i,2022-10-13
A method for predicting hydrogen and oxygen isotope  distributions across a region's river network  using reach-scale environmental attributes,HESS,https://doi.org/10.5194/hess-26-4933-2022,i,2022-10-13
An unavoidably short history of inland aquatic animal diversity research in the US Virgin Islands,Aquatic Ecology,http://rd.springer.com/10.1007/s10452-021-09933-7,i,2022-10-13
Evaluation and tradeoff‐synergy analysis of ecosystem services in Luanhe River Basin,Ecohydrology,https://onlinelibrary.wiley.com/doi/10.1002/eco.2473?af=R,i,2022-10-13
Riparian and watershed land use alters food web structure and shifts basal energy in agricultural streams,Aquatic Sciences,http://link.springer.com/10.1007/s00027-022-00895-y,i,2022-10-13
Experimental evaluation of the role of inorganic phosphorus for terrestrial carbon degradation in stream hyporheic zones,Freshwater Biology,https://onlinelibrary.wiley.com/doi/10.1111/fwb.13980?af=R,i,2022-10-13
Occupancy of invasive Northern Crayfish (Faxonius virilis) in northern streams is associated primarily with water temperature,Freshwater Science,https://www.journals.uchicago.edu/doi/abs/10.1086/722576?af=R,i,2022-10-13
"The effects of inter-annual fluctuations in precipitation, lake surface area, and wind speed on phytoplankton structure in three shallow Mediterranean lakes (S...",Aquatic Ecology,http://rd.springer.com/10.1007/s10452-021-09929-3,i,2022-10-13
Hydrologic connectivity and residence time affect the sediment trapping efficiency and dissolved oxygen concentrations of the Atchafalaya River Basin,Water Resources Research,https://agupubs.onlinelibrary.wiley.com/doi/10.1029/2021WR030731?af=R,i,2022-10-13
Invertebrates in small shallow lakes and ponds: a new sampling method to study the influence of environmental factors on their communities,Aquatic Ecology,http://rd.springer.com/10.1007/s10452-021-09939-1,i,2022-10-13
[ASAP] Correction to “Denitrification and Nitrogen Burial in Swiss Lakes”,Environmental Science and Technology,http://dx.doi.org/10.1021/acs.est.2c06763,i,2022-10-13
Impact of density gradients on secondary flow structure at a river confluence.,ESSOAr,https://www.essoar.org/doi/abs/10.1002/essoar.10511326.1?mi=3f81mc&af=R&ConceptID=15968&content=preprints&countTerms=true&target=topic,i,2022-10-13
Is traditional fisheries management correctly addressing the possible causes of fish production decline? The relationship between environmental degradation and...,Marine and Freshwater Research,https://www.publish.csiro.au/rss_feed/MF22025.htm,i,2022-10-13
"Spatial and Temporal Variations in Phosphorus Loads in the Illinois River Basin, Illinois USA",JAWRA,https://onlinelibrary.wiley.com/doi/10.1111/1752-1688.13054?af=R,i,2022-10-13
"First evidence of an extant freshwater sponge fauna in Jackson Lake, Grand Teton National Park, Wyoming (USA)",Inland Waters,https://www.tandfonline.com/doi/full/10.1080/20442041.2022.2035190?af=R,i,2022-10-13
Perspectives from the Global South Inform and Affirm the Contemporary River Conservation Paradigm: A Commentary on Feio et al.,Global Change Biology,https://onlinelibrary.wiley.com/doi/10.1111/gcb.16474?af=R,i,2022-10-13
Closing the gap on wicked urban stream restoration problems: A                         framework to integrate science and community values,Freshwater Science,https://www.journals.uchicago.edu/doi/abs/10.1086/721134?af=R,i,2022-10-13
Standardizing No Net Loss Stream Mitigation Assessment Methods: Tradeoffs between Expediency and River Science,JAWRA,https://onlinelibrary.wiley.com/doi/10.1111/1752-1688.13045?af=R,i,2022-10-13
"Effects of floating covers used for evaporation suppression on reservoir physical, chemical and biological water quality parameters",Ecohydrology,https://onlinelibrary.wiley.com/doi/10.1002/eco.2470?af=R,i,2022-10-13
A scale-linked conservation planning framework for freshwater ecosystems,Landscape Ecology,http://link.springer.com/10.1007/s10980-022-01505-w,i,2022-10-13
A bibliometric study on the use of diatoms in water quality monitoring and bioassessment in Africa across 10-year (2012–2022) period,Aquatic Sciences,http://link.springer.com/10.1007/s00027-022-00891-2,i,2022-10-13
Improving the accuracy of nonpoint-source pollution estimates in inland waters with coupled satellite-UAV data,Water Research,https://www.sciencedirect.com/science/article/pii/S0043135422011538?dgcid=rss_sd_all,i,2022-10-13
Thermal sensitivity modulates temporal patterns of ecosystem functioning by freshwater mussels,Freshwater Biology,https://onlinelibrary.wiley.com/doi/10.1111/fwb.13996?af=R,i,2022-10-13
Including equity in urban stream restoration: From historical                         wrongs to new paradigms,Freshwater Science,https://www.journals.uchicago.edu/doi/abs/10.1086/721651?af=R,i,2022-10-13
Aerial observations and numerical simulations confirm density-driven streamwise vortices at a river confluence.,ESSOAr,https://www.essoar.org/doi/abs/10.1002/essoar.10508854.2?mi=3f81mc&af=R&ConceptID=15968&content=preprints&countTerms=true&target=topic,i,2022-10-13
Hybrid three-dimensional modelling for reservoir fluorescent dissolved organic matter risk assessment,Inland Waters,https://www.tandfonline.com/doi/full/10.1080/20442041.2022.2067464?af=R,i,2022-10-13
Impact of Density Gradients on the Secondary Flow Structure of a River Confluence,Water Resources Research,https://agupubs.onlinelibrary.wiley.com/doi/10.1029/2022WR032720?af=R,i,2022-10-13
Contrasting seasons and land uses alter riverine dissolved organic matter composition,Biogeochemistry,http://link.springer.com/10.1007/s10533-022-00979-9,i,2022-10-13
The effect of increasing fine sediment load and drying duration on the re‐emergence of Gammarus pulex (Amphipoda: Gammaridae) from the subsurface following flo...,Freshwater Biology,https://onlinelibrary.wiley.com/doi/10.1111/fwb.13991?af=R,i,2022-10-13
Amazon River discharge impacts deep‐sea meiofauna,Limnology and Oceanography,https://aslopubs.onlinelibrary.wiley.com/doi/10.1002/lno.12197?af=R,i,2022-10-13
An evidence-based study mapping the decline in freshwater ponds in the Severn Vale catchment in the UK between 1900 and 2019,Hydrobiologia,http://link.springer.com/10.1007/s10750-022-05000-w,i,2022-10-13
"Effect of acute acidic stress on survival and metabolic activity of zooplankton from Lake Biwa, Japan",Inland Waters,https://www.tandfonline.com/doi/full/10.1080/20442041.2022.2058861?af=R,i,2022-10-13
"A century of scholarship archived in the Verhandlungen, Mitteilungen, and Inland Waters: publications of the International Society of Limnology",Inland Waters,https://www.tandfonline.com/doi/full/10.1080/20442041.2022.2104591?af=R,i,2022-10-13
"Neglected symbionts and other metazoan invertebrates associated with molluscs from Africa's largest lake: Diversity, biotic interactions and bioindication",Freshwater Biology,https://onlinelibrary.wiley.com/doi/10.1111/fwb.13998?af=R,i,2022-10-13
A Meta-analysis on the Effectiveness of Offsetting Strategies to Address Harm to Freshwater Fishes,Environmental Management,http://link.springer.com/10.1007/s00267-022-01703-x,i,2022-10-13
Featured Collection Introduction: Severe Sustained Drought Revisited: Managing the Colorado River System in Times of Water Shortage 25 Years Later — Part I,JAWRA,https://onlinelibrary.wiley.com/doi/10.1111/1752-1688.13062?af=R,i,2022-10-13
Habitat response of adult fish species under the influence of ecological flow and hydrodynamic regime in perennial river system,Ecohydrology,https://onlinelibrary.wiley.com/doi/10.1002/eco.2481?af=R,i,2022-10-13
"Principles for Leading, Learning, and Synthesizing in Inter- and Transdisciplinary Research",Bioscience,https://academic.oup.com/bioscience/article/72/10/963/6656492?rss=1,i,2022-10-13
The influence of season and landscape on the water quality of ponds at multiple spatial scales,Inland Waters,https://www.tandfonline.com/doi/full/10.1080/20442041.2022.2077633?af=R,i,2022-10-13
Insights into the role of external layers in cyanobacteria at varying temperatures and their regulatory mechanism,Freshwater Biology,https://onlinelibrary.wiley.com/doi/10.1111/fwb.13982?af=R,i,2022-10-13
An Assessment of Potential Severe Droughts in the Colorado River Basin,JAWRA,https://onlinelibrary.wiley.com/doi/10.1111/1752-1688.13061?af=R,i,2022-10-13
Nature-based solutions in freshwater pearl mussel rivers – A novel approach for self-dynamic desanding developed in a physical model test,Limnologica,https://www.sciencedirect.com/science/article/pii/S007595112200086X?dgcid=rss_sd_all,i,2022-10-13
The Wullowitz-Lakes theory: Periglacial impacts on river morphology and habitat suitability for the endangered freshwater pearl mussel,Limnologica,https://www.sciencedirect.com/science/article/pii/S0075951122000615?dgcid=rss_sd_all,i,2022-10-13
Effects of land use change on inter‐species and intra‐guild trophic interactions of fish communities in tropical headwater streams,Freshwater Biology,https://onlinelibrary.wiley.com/doi/10.1111/fwb.13995?af=R,i,2022-10-13
Effects of Using High Resolution Satellite-based Inundation Time Series to Estimate Methane Fluxes from Forested Wetlands.,ESSOAr,https://www.essoar.org/doi/abs/10.1002/essoar.10505951.1?mi=3f81mc&af=R&ConceptID=15968&content=preprints&countTerms=true&target=topic,i,2022-10-13
Savanna vegetation increase triggers freshwater community shifts,Global Change Biology,https://onlinelibrary.wiley.com/doi/10.1111/gcb.16423?af=R,i,2022-10-13
A theory for the relationship between lake surface area and maximum depth,Limnology and Oceanography: Letters,https://aslopubs.onlinelibrary.wiley.com/doi/10.1002/lol2.10269?af=R,i,2022-10-13
Long-term spatiotemporal variability of whitings in Lake Geneva from multispectral remote sensing and machine learning.,ESSOAr,https://www.essoar.org/doi/abs/10.1002/essoar.10512504.1?mi=3f81mc&af=R&ConceptID=15968&content=preprints&countTerms=true&target=topic,i,2022-10-13
Community-powered urban stream restoration: A vision for                         sustainable and resilient urban ecosystems,Freshwater Science,https://www.journals.uchicago.edu/doi/abs/10.1086/721150?af=R,i,2022-10-13
A systems approach to modelling phosphorus pollution risk in Scottish rivers using a spatial Bayesian Belief Network helps targeting effective mitigation measu...,Frontiers in Environmental Science,https://www.frontiersin.org/articles/10.3389/fenvs.2022.976933,i,2022-10-13
"Comparison of Machine Learning Models Performance on Simulating Reservoir Outflow: A Case Study of Two Reservoirs in Illinois, U.S.A.",JAWRA,https://onlinelibrary.wiley.com/doi/10.1111/1752-1688.13040?af=R,i,2022-10-13
Wetland Flowpaths Mediate Nitrogen and Phosphorus Concentrations across the Upper Mississippi River Basin,JAWRA,https://onlinelibrary.wiley.com/doi/10.1111/1752-1688.12885?af=R,i,2022-10-13
Climate warming amplifies the frequency of fish mass mortality events across north temperate lakes,Limnology and Oceanography: Letters,https://aslopubs.onlinelibrary.wiley.com/doi/10.1002/lol2.10274?af=R,i,2022-10-13
Hydrologic Setting Dictates the Sensitivity of Ecosystem Metabolism to Climate Variability in Lakes,Ecosystems,http://link.springer.com/10.1007/s10021-021-00718-5,i,2022-10-13
Farmer adoption and intensity of use of extreme weather adaptation and mitigation strategies: evidence from a sample of Missouri farmers,Climatic Change,http://link.springer.com/10.1007/s10584-022-03439-3,i,2022-10-13
Effect of Lateral Outflow on Three‐Dimensional Flow Structure in a River Delta,Water Resources Research,https://agupubs.onlinelibrary.wiley.com/doi/10.1029/2021WR031346?af=R,i,2022-10-13
A novel unsupervised method for assessing mesoscale river habitat structure and suitability from 2D hydraulic models in gravel‐bed rivers,Ecohydrology,https://onlinelibrary.wiley.com/doi/10.1002/eco.2452?af=R,i,2022-10-13
Browning affects pelagic productivity in northern lakes by surface water warming and carbon fertilization,Global Change Biology,https://onlinelibrary.wiley.com/doi/10.1111/gcb.16469?af=R,i,2022-10-13
Lake Surface Temperature Dataset in the North Slave Region Retrieved from Landsat Satellite Series – 1984 to 2021,Earth System Science Data,https://doi.org/10.5194/essd-2022-289,i,2022-10-13
Estimating the Average River Cross‐Section Velocity by Observing Only One Surface Velocity Value and Calibrating the Entropic Parameter,Water Resources Research,https://agupubs.onlinelibrary.wiley.com/doi/10.1029/2021WR031821?af=R,i,2022-10-13
Exactly Where Does the River Need Space to Move? Seeking Participatory Translation of Fluvial Geomorphology into Flood Management,JAWRA,https://onlinelibrary.wiley.com/doi/10.1111/1752-1688.13049?af=R,i,2022-10-13
Editorial: Plastics in aquatic systems: From transport and fate to impacts and management perspectives,Frontiers in Environmental Science,https://www.frontiersin.org/articles/10.3389/fenvs.2022.1034777,,
"Impacts of a nutrient trading plan on stream water quality in Sugar Creek, Ohio",JAWRA,https://onlinelibrary.wiley.com/doi/10.1111/1752-1688.13067?af=R,,
The Relationship Between Phytoplankton Diversity and Ecosystem Functioning Changes with Disturbance Regimes in Tropical Reservoirs,Ecosystems,http://link.springer.com/10.1007/s10021-022-00791-4,,
A graph neural network (GNN) approach to basin-scale river network learning: the role of physics-based connectivity and data fusion,HESS,https://doi.org/10.5194/hess-26-5163-2022,,
"Reconstructing diets of hunted sika deer from Torihama Shell Midden site (ca6,000 years ago) by dental microwear texture analysis",Frontiers in Ecology and Evolution,https://www.frontiersin.org/articles/10.3389/fevo.2022.957038,,
Hydromorphological preferences of freshwater pearl mussel (<em>Margaritifera margaritifera</em>) in upland streams of the Bavarian Forest - a case study,Limnologica,https://www.sciencedirect.com/science/article/pii/S0075951122000883?dgcid=rss_sd_all,,
The contribution of transpiration to precipitation over African watersheds,Water Resources Research,https://agupubs.onlinelibrary.wiley.com/doi/10.1029/2021WR031721?af=R,,
The influence of the deep subtropical reservoir on the karstic riverine carbon cycle and its regulatory factors: insights from the seasonal and hydrological ch...,Water Research,https://www.sciencedirect.com/science/article/pii/S004313542201212X?dgcid=rss_sd_all,,
Networking and co-occurrence of virulent and multidrug resistant environmental bacteria in different aquatic systems: A gap in MDR-virulence transfer?,Science of the Total Environment,https://www.sciencedirect.com/science/article/pii/S0048969722063203?dgcid=rss_sd_all,,
Water chemical oxygen demand prediction model based on the CNN and ultraviolet-visible spectroscopy,Frontiers in Environmental Science,https://www.frontiersin.org/articles/10.3389/fenvs.2022.1027693,,
Pre‐instrumental perspectives on Arkansas River cross‐watershed flow variability,JAWRA,https://onlinelibrary.wiley.com/doi/10.1111/1752-1688.13068?af=R,,
Hydromorphological preferences of freshwater pearl mussel (<em>Margaritifera margaritifera</em>) in upland streams of the Bavarian Forest – A case study,Limnologica,https://www.sciencedirect.com/science/article/pii/S0075951122000883?dgcid=rss_sd_all,,
Fire intensity and ecosystem oligotrophic status drive relative phosphorus release and retention in freshwater marshes,Ecosphere,https://esajournals.onlinelibrary.wiley.com/doi/10.1002/ecs2.4263?af=R,,
Managing landscape patterns at the riparian zone and sub-basin scale is equally important for water quality protection,Water Research,https://www.sciencedirect.com/science/article/pii/S0043135422012258?dgcid=rss_sd_all,,
"A review of freshwater benthic clams (<em>Corbicula fluminea</em>): Accumulation capacity, underlying physiological mechanisms and environmental applications",Science of the Total Environment,https://www.sciencedirect.com/science/article/pii/S0048969722065305?dgcid=rss_sd_all,,
Freshwater flux variability lengthens the period of the low‐frequency AMOC variability,Geophysical Research Letters,https://agupubs.onlinelibrary.wiley.com/doi/10.1029/2022GL100136?af=R,,
Editorial: Toxic effects and ecological risk assessment of typical pollutants in aquatic environments,Frontiers in Environmental Science,https://www.frontiersin.org/articles/10.3389/fenvs.2022.1056654,,
"First, do no harm - Missing data treatment to support lake ecological condition assessment",Environmental Modelling & Software,https://www.sciencedirect.com/science/article/pii/S1364815222002584?dgcid=rss_sd_all,,
GRiMeDB: The global river database of methane concentrations and fluxes,Earth System Science Data,https://doi.org/10.5194/essd-2022-346,,
Heat and smoke from wildfires influence water temperature and dissolved oxygen levels in headwater streams,Freshwater Science,https://www.journals.uchicago.edu/doi/abs/10.1086/722632?af=R,,
Diversity and structure of macroinvertebrate communities in permanent small streams and rivers in Eastern Balkans,Hydrobiologia,http://link.springer.com/10.1007/s10750-022-05004-6,,
Assassins and apples: the environmental constraints of two snails that threaten Australian aquatic systems,Marine and Freshwater Research,https://www.publish.csiro.au/rss_feed/MF22176.htm,,
"Temporarily and frequently occurring summer stratification and its effects on nutrient dynamics, greenhouse gas emission and fish habitat use: case study from ...",Hydrobiologia,http://link.springer.com/10.1007/s10750-022-05039-9,,
Effects of drawdown scenario on retrogressive lateral erosion in a reservoir,JAWRA,https://onlinelibrary.wiley.com/doi/10.1111/1752-1688.13069?af=R,,
Deterministic processes drive national‐scale patterns in lake surface sediment bacteria and eukaryotic assemblage composition,Limnology and Oceanography,https://aslopubs.onlinelibrary.wiley.com/doi/10.1002/lno.12247?af=R,,
Martian landscapes of fluvial ridges carved from ancient sedimentary basin fill,Nature Geoscience,https://www.nature.com/articles/s41561-022-01058-2,,
Attribution of climate change and human activities to streamflow variations with a posterior distribution of hydrological simulations,HESS,https://doi.org/10.5194/hess-26-5315-2022,,
Interspecific variation in the response of fish to anthropogenic noise,Freshwater Biology,https://onlinelibrary.wiley.com/doi/10.1111/fwb.14006?af=R,,
A VIKOR-based approach to evaluate river contamination risks caused by wastewater treatment plant discharges,Water Research,https://www.sciencedirect.com/science/article/pii/S0043135422012337?dgcid=rss_sd_all,,
Joint role of land cover types and microbial processing on molecular composition of dissolved organic matter in inland lakes,Science of the Total Environment,https://www.sciencedirect.com/science/article/pii/S0048969722066219?dgcid=rss_sd_all,,
"Body stores of emergent aquatic insects are associated with body size, sex, swarming behaviour and dispersal strategies",Freshwater Biology,https://onlinelibrary.wiley.com/doi/10.1111/fwb.14003?af=R,,
SEDIMENT SUPPLY CONTROL ON MORPHODYNAMIC PROCESSES IN GRAVEL‐BED RIVER WIDENINGS,Earth Surface Processes and Landforms,https://onlinelibrary.wiley.com/doi/10.1002/esp.5460?af=R,i,2022-10-28
"Channel head response to anthropogenic landscape modification: A case study from the North Carolina Piedmont, USA, with implications for water quality",Earth Surface Processes and Landforms,https://onlinelibrary.wiley.com/doi/10.1002/esp.5495?af=R,i,2022-10-28
A method to detect abrupt shifts in river channel position using a Landsat‐derived water occurrence record,Earth Surface Processes and Landforms,https://onlinelibrary.wiley.com/doi/10.1002/esp.5472?af=R,i,2022-10-28
The influence of bedrock river morphology and alluvial cover on gravel entrainment: Part 1Pivot angles and surface roughness,Earth Surface Processes and Landforms,https://onlinelibrary.wiley.com/doi/10.1002/esp.5463?af=R,i,2022-10-28
The influence of bedrock river morphology and alluvial cover on gravel entrainmentPart 2: Modelling critical shear stress,Earth Surface Processes and Landforms,https://onlinelibrary.wiley.com/doi/10.1002/esp.5462?af=R,i,2022-10-28
Biogeomorphic recovery of a river reach affected by mining,Earth Surface Processes and Landforms,https://onlinelibrary.wiley.com/doi/10.1002/esp.5470?af=R,i,2022-10-28
Channel morphodynamics and sediment budget of the Lower Ganga River using a hydrogeomorphological approach,Earth Surface Processes and Landforms,https://onlinelibrary.wiley.com/doi/10.1002/esp.5325?af=R,i,2022-10-28
Effects of quagga mussel invasion on trophic niche of fishes in a western USA reservoir: a test for a trophic cascade and corresponding niche shift,Hydrobiologia,http://link.springer.com/10.1007/s10750-022-05046-w,,
"Deglaciation history and subsequent lake dynamics in the Siljan region, south‐central Sweden, based on new LiDAR evidence and sediment records",Earth Surface Processes and Landforms,https://onlinelibrary.wiley.com/doi/10.1002/esp.5471?af=R,,
Environmental variability in aquatic ecosystems: Avenues for future multifactorial experiments,Limnology and Oceanography: Letters,https://aslopubs.onlinelibrary.wiley.com/doi/10.1002/lol2.10286?af=R,,
MOdern River archivEs of Particulate Organic Carbon: MOREPOC,Earth System Science Data,https://doi.org/10.5194/essd-14-4743-2022,,
Does the spatial aggregation of ponds affect crustacean zooplankton diversity and grazing efficiency in the agricultural multi-pond system?,Aquatic Sciences,http://link.springer.com/10.1007/s00027-022-00900-4,,
"Dynamics and internal links of dissolved carbon in a karst river system: Implications for composition, origin and fate",Water Research,https://www.sciencedirect.com/science/article/pii/S0043135422012349?dgcid=rss_sd_all,,
The influence of bedrock river morphology and alluvial cover on gravel entrainment: Part 1Pivot angles and surface roughness,Earth Surface Processes and Landforms,https://onlinelibrary.wiley.com/doi/10.1002/esp.5463?af=R,,
Scale‐dependence of fish habitat associations in a North American river system,Freshwater Biology,https://onlinelibrary.wiley.com/doi/10.1111/fwb.14005?af=R,,
Reach hydromorphology: a crucial environmental variable for the occurrence of riverine macrophytes,Hydrobiologia,http://link.springer.com/10.1007/s10750-022-04983-w,,
The influence of bedrock river morphology and alluvial cover on gravel entrainmentPart 2: Modelling critical shear stress,Earth Surface Processes and Landforms,https://onlinelibrary.wiley.com/doi/10.1002/esp.5462?af=R,,
Predictions and drivers of sub-reach-scale annual streamflow permanence for the upper Missouri River basin: 1989–2018,Journal of Hydrology X,https://www.sciencedirect.com/science/article/pii/S2589915522000207?dgcid=rss_sd_all,,
Fine-scale microhabitat niche separation allows coexistence of two invasive species,Hydrobiologia,http://link.springer.com/10.1007/s10750-022-04998-3,,
"Nutrient limitation of primary production in rivers along a land use gradient in the Lake Biwa Basin, Shiga Prefecture, Japan",Aquatic Ecology,http://link.springer.com/10.1007/s10452-022-09971-9,,
Chemotaxonomic responses of autotrophic periphyton communities to nutrient additions in pools of an intermittent stream,Freshwater Biology,https://onlinelibrary.wiley.com/doi/10.1111/fwb.14002?af=R,,
In the weeds: Aquatic plant biomarker sources to Arctic lake sediments,Journal of Geophysical Research: Biogeosciences,https://agupubs.onlinelibrary.wiley.com/doi/10.1029/2022JG007145?af=R,,
The influence of bedrock river morphology and alluvial cover on gravel entrainment: Part 1Pivot angles and surface roughness,Earth Surface Processes and Landforms,https://onlinelibrary.wiley.com/doi/10.1002/esp.5463?af=R,,
The influence of bedrock river morphology and alluvial cover on gravel entrainmentPart 2: Modelling critical shear stress,Earth Surface Processes and Landforms,https://onlinelibrary.wiley.com/doi/10.1002/esp.5462?af=R,,
"A Bayesian data assimilation framework for lake 3D hydrodynamic models with a physics-preserving particle filtering method using <span class=""text typewriter"">...",Geoscientific Model Development,https://doi.org/10.5194/gmd-15-7715-2022,,
The influence of bedrock river morphology and alluvial cover on gravel entrainment: Part 1Pivot angles and surface roughness,Earth Surface Processes and Landforms,https://onlinelibrary.wiley.com/doi/10.1002/esp.5463?af=R,,
Impacts of Sampling Frequency on the Estimation Accuracy of Exceedance for Suspended Solids and Nitrates in Streams in Small- to Medium-sized Watersheds,Journal of Hydrology X,https://www.sciencedirect.com/science/article/pii/S2589915522000219?dgcid=rss_sd_all,,
"Influences of carbon sources on N<sub>2</sub>O production during denitrification in freshwaters: Activity, isotopes and functional microbes",Water Research,https://www.sciencedirect.com/science/article/pii/S004313542201260X?dgcid=rss_sd_all,,
The influence of bedrock river morphology and alluvial cover on gravel entrainmentPart 2: Modelling critical shear stress,Earth Surface Processes and Landforms,https://onlinelibrary.wiley.com/doi/10.1002/esp.5462?af=R,,
Optical properties of dissolved organic matter in throughfall and stemflow vary across tree species and season in a temperate headwater forest,Biogeochemistry,http://link.springer.com/10.1007/s10533-022-00985-x,,
"Modelling the longitudinal distribution, abundance, and habitat use of the giant freshwater shrimp (Macrobrachium spinipes) in a large intermittent, tropical A...",Freshwater Biology,https://onlinelibrary.wiley.com/doi/10.1111/fwb.14009?af=R,,
Properties of river organic carbon affected by wastewater treatment plants,Science of the Total Environment,https://www.sciencedirect.com/science/article/pii/S0048969722068619?dgcid=rss_sd_all,,
Geospatial analysis of Alaskan lakes indicates wetland fraction and surface water area are useful predictors of methane ebullition.,ESSOAr,https://www.essoar.org/doi/abs/10.1002/essoar.10512678.1?mi=3f81mc&af=R&ConceptID=15968&content=preprints&countTerms=true&target=topic,,
Nutrient limitation of periphytic algal assemblages in agricultural streams across grassland to boreal landscapes,Freshwater Science,https://www.journals.uchicago.edu/doi/abs/10.1086/722742?af=R,,
Chemical fragmentation of stream systems and fish species richness: The upstream effects of water pollution,Freshwater Science,https://www.journals.uchicago.edu/doi/abs/10.1086/722102?af=R,,
Effects of upstream activities of Tigris-Euphrates River Basin on water and soil resources of Shatt al-Arab Border River,Science of the Total Environment,https://www.sciencedirect.com/science/article/pii/S0048969722068516?dgcid=rss_sd_all,,
"Spectrophotometric analysis of the CO2 system in aqueous solutions: A freshwater example from the Snake River, Idaho, USA",Limnology and Oceanography: Methods,https://aslopubs.onlinelibrary.wiley.com/doi/10.1002/lom3.10525?af=R,,
A large-sample investigation into uncertain climate change impacts on high flows across Great Britain,HESS,https://doi.org/10.5194/hess-26-5535-2022,,
Cryptic persistence and loss of local endemism in Lake Constance charr subject to anthropogenic disturbance,Ecological Applications,https://esajournals.onlinelibrary.wiley.com/doi/10.1002/eap.2773?af=R,,
Assessing the ecological risk and ecotoxicity of the microbially mediated restoration of heavy metal-contaminated river sediment,Science of the Total Environment,https://www.sciencedirect.com/science/article/pii/S0048969722068322?dgcid=rss_sd_all,,
ICESat‐2 based River Surface Slope and its Impact on Water Level Time Series from Satellite Altimetry,Water Resources Research,https://agupubs.onlinelibrary.wiley.com/doi/10.1029/2022WR032842?af=R,,
Lake sediments from littoral and profundal zones are heterogeneous but equivalent sources of methane produced by distinct methanogenic communities ‐ a case stu...,Journal of Geophysical Research: Biogeosciences,https://agupubs.onlinelibrary.wiley.com/doi/10.1029/2021JG006776?af=R,,
Hydrodynamics-driven community coalescence determines ecological assembly processes and shifts bacterial network stability in river bends,Science of the Total Environment,https://www.sciencedirect.com/science/article/pii/S0048969722068723?dgcid=rss_sd_all,,
Contrasting short‐ and long‐term outcomes of pairwise interactions between caddisflies at a hydrologically heterogeneous range margin,Freshwater Biology,https://onlinelibrary.wiley.com/doi/10.1111/fwb.14017?af=R,,
On the shape and origins of the freshwater species–area relationship,Ecology,https://esajournals.onlinelibrary.wiley.com/doi/10.1002/ecy.3917?af=R,,
Impacts of sampling frequency on the estimation accuracy of exceedance for suspended solids and nitrates in streams in small to medium-sized watersheds,Journal of Hydrology X,https://www.sciencedirect.com/science/article/pii/S2589915522000219?dgcid=rss_sd_all,,
HiWaQ v1.0: A flexible catchment water quality assessment tool with compatibility for multiple hydrological model structures,Geoscientific Model Development,https://doi.org/10.5194/gmd-2022-239,,
Patterns in aquatic metacommunities are associated with environmental and trait heterogeneity,Freshwater Biology,https://onlinelibrary.wiley.com/doi/10.1111/fwb.14011?af=R,,
Comparison of artificial neural networks and reservoir models for simulating karst spring discharge on five test sites in the Alpine and Mediterranean regions,HESS,https://doi.org/10.5194/hess-2022-365,,
The relationship between zooplankton vertical distribution and the concentration of aqueous Hg in boreal lakes: A comparative field study,Science of the Total Environment,https://www.sciencedirect.com/science/article/pii/S0048969722068930?dgcid=rss_sd_all,,
Drought impacts on hydrology and water quality under climate change,Science of the Total Environment,https://www.sciencedirect.com/science/article/pii/S0048969722069546?dgcid=rss_sd_all,,
Spatial patterns and seasonal timing of increasing riverine specific conductance from 1998 to 2018 suggest legacy contamination in the Delaware River Basin,Science of the Total Environment,https://www.sciencedirect.com/science/article/pii/S0048969722067912?dgcid=rss_sd_all,,
Using simulation-based inference to determine the parameters of an integrated hydrologic model: a case study from the upper Colorado River basin,HESS,https://doi.org/10.5194/hess-2022-345,,
Body size mediates the trophic cascade effect of filter-feeding fish [Hypophthalmichthys molitrix (Val.)] on phytoplankton in large enclosures,Hydrobiologia,http://link.springer.com/10.1007/s10750-022-05009-1,,
Novel one-point calibration strategy for high-throughput quantitation of microcystins in freshwater using LC-MS/MS,Science of the Total Environment,https://www.sciencedirect.com/science/article/pii/S0048969722064440?dgcid=rss_sd_all,,
The potential for carbon sequestration by afforestation can be limited in dryland river basins under the pressure of high human activity,Science of the Total Environment,https://www.sciencedirect.com/science/article/pii/S0048969722069170?dgcid=rss_sd_all,,
On the value of satellite remote sensing to reduce uncertainties  of regional simulations of the Colorado River,HESS,https://doi.org/10.5194/hess-26-5627-2022,,
"Implication of atmospheric nutrient inputs and warming effects for the ecosystem of Lake Yamanaka, Japan, revealed by sedimentary analysis",Hydrobiologia,http://link.springer.com/10.1007/s10750-022-05071-9,,
Comprehensive simulation of salinity transport in irrigated watersheds using an updated version of SWAT-MODFLOW,Environmental Modelling & Software,https://www.sciencedirect.com/science/article/pii/S1364815222002663?dgcid=rss_sd_all,,
Spatial microbial respiration variations in the hyporheic zones within the Columbia River Basin,Journal of Geophysical Research: Biogeosciences,https://agupubs.onlinelibrary.wiley.com/doi/10.1029/2021JG006654?af=R,,
Mosquito larvicides disrupt behavior and survival rates of aquatic insect predators,Hydrobiologia,http://link.springer.com/10.1007/s10750-022-05021-5,,
Climate change impacts on sea level rise to flood depth and extent of Sarawak River,Frontiers in Water,https://www.frontiersin.org/articles/10.3389/frwa.2022.870936,,
Efficiency of reactive nitrogen removal in a model Mediterranean high-mountain lake and its downwater river ecosystem: Biotic and abiotic controls,Science of the Total Environment,https://www.sciencedirect.com/science/article/pii/S0048969722070012?dgcid=rss_sd_all,,
Effects of deforestation on dissolved organic carbon and nitrate in catchment stream water revealed by wavelet analysis,Frontiers in Water,https://www.frontiersin.org/articles/10.3389/frwa.2022.1003693,,
Lake Sediments From Littoral and Profundal Zones are Heterogeneous but Equivalent Sources of Methane Produced by Distinct Methanogenic Communities—A Case Study...,Journal of Geophysical Research: Biogeosciences,https://agupubs.onlinelibrary.wiley.com/doi/10.1029/2021JG006776?af=R,,
Winter and summer storms modify chlorophyll relationships with nutrients in seasonally ice‐covered lakes,Ecosphere,https://esajournals.onlinelibrary.wiley.com/doi/10.1002/ecs2.4272?af=R,,
Planktonic ciliate community driven by environmental variables and cyanobacterial blooms: A 9-year study in two subtropical reservoirs,Science of the Total Environment,https://www.sciencedirect.com/science/article/pii/S0048969722069662?dgcid=rss_sd_all,,
Changing Flows: Sociotechnical Tinkering for Adaptive Water Management,Environmental Management,http://link.springer.com/10.1007/s00267-022-01744-2,,
A 34-year survey under phosphorus decline and warming: Consequences on stoichiometry and functional trait composition of freshwater macroinvertebrate communiti...,Science of the Total Environment,https://www.sciencedirect.com/science/article/pii/S0048969722068863?dgcid=rss_sd_all,,
Contrasting catchment soil pH and Fe concentrations influence DOM distribution and nutrient dynamics in freshwater systems,Science of the Total Environment,https://www.sciencedirect.com/science/article/pii/S0048969722070887?dgcid=rss_sd_all,,
Planktonic functional diversity changes in synchrony with lake ecosystem state,Global Change Biology,https://onlinelibrary.wiley.com/doi/10.1111/gcb.16485?af=R,,
Environmental Concentration PFOS as a Light Shield for Lake Exopolymers against Photodegradation by Formation of Sandwiched Supramolecular Nanostructures,Water Research,https://www.sciencedirect.com/science/article/pii/S0043135422012908?dgcid=rss_sd_all,,
Bioavailability of Dissolved Organic Matter Varies with Anthropogenic Landcover in the Upper Mississippi River Basin,Water Research,https://www.sciencedirect.com/science/article/pii/S0043135422013021?dgcid=rss_sd_all,,
[ASAP] Resolving 500 Years of Anthropogenic Impacts in a Mesotrophic Lake: Nutrients Outweigh Other Drivers of Lake Change,Environmental Science and Technology,http://dx.doi.org/10.1021/acs.est.2c06835,,
Spatial effects of urban green infrastructure on instream water quality assessed by chemical and sensory indicators,Science of the Total Environment,https://www.sciencedirect.com/science/article/pii/S0048969722071881?dgcid=rss_sd_all,,
Increasing Drought Risks over the Past Four Centuries amidst Projected Flood Intensification in the Kabul River Basin (Afghanistan and Pakistan)—Evidence from ...,Geophysical Research Letters,https://agupubs.onlinelibrary.wiley.com/doi/10.1029/2022GL100703?af=R,,
Optical and molecular indices of dissolved organic matter for estimating biodegradability and resulting carbon dioxide production in inland waters: A review,Water Research,https://www.sciencedirect.com/science/article/pii/S0043135422013070?dgcid=rss_sd_all,,
Upstream-downstream asymmetries of drought impacts in major river basins of the European Alps,Frontiers in Water,https://www.frontiersin.org/articles/10.3389/frwa.2022.1061991,,
An evaluation of a spectral fluorometer for monitoring chlorophyll a in New York State lakes,Lake and Reservoir Management,https://www.tandfonline.com/doi/full/10.1080/10402381.2022.2129525?af=R,,
Dispersed Urban‐Stormwater Control Improved Stream Water Quality in a Catchment‐Scale Experiment,Water Resources Research,https://agupubs.onlinelibrary.wiley.com/doi/10.1029/2022WR032041?af=R,,
"First‐order River Delta Morphology is Explained by the Sediment Flux Balance from Rivers, Waves, and Tides",Geophysical Research Letters,https://agupubs.onlinelibrary.wiley.com/doi/10.1029/2022GL100355?af=R,,
"How do inorganic nitrogen processing pathways change  quantitatively at daily, seasonal, and multiannual  scales in a large agricultural stream?",HESS,https://doi.org/10.5194/hess-26-5817-2022,,
A Hybrid Framework for Rapidly Locating Transition Zones: A COMPARISON OF EVENT‐ AND RESPONSE‐BASED RETURN WATER LEVELS IN THE SUWANNEE RIVER FL,Water Resources Research,https://agupubs.onlinelibrary.wiley.com/doi/10.1029/2022WR032481?af=R,,
Seawall-induced impacts on large river delta wetlands and blue carbon storage under sea level rise,Science of the Total Environment,https://www.sciencedirect.com/science/article/pii/S0048969722069911?dgcid=rss_sd_all,,
Geodiversity influences limnological conditions and freshwater ostracode species distributions across broad spatial scales in the northern Neotropics,Biogeosciences,https://doi.org/10.5194/bg-19-5167-2022,,
Network topology mediates freshwater fish metacommunity response to loss of connectivity,Ecosphere,https://esajournals.onlinelibrary.wiley.com/doi/10.1002/ecs2.4286?af=R,,
Multivariable integrated risk assessment for cyanobacterial blooms in eutrophic lakes and its spatiotemporal characteristics,Water Research,https://www.sciencedirect.com/science/article/pii/S0043135422013124?dgcid=rss_sd_all,,
"Predicted aquatic and human health risks associated with the presence of metals in the Syr Darya and Shardara Reservoir, Kazakhstan",Science of the Total Environment,https://www.sciencedirect.com/science/article/pii/S0048969722069273?dgcid=rss_sd_all,,
Zooplankton functional groups in tropical reservoirs: discriminating traits and environmental drivers,Hydrobiologia,http://link.springer.com/10.1007/s10750-022-05074-6,,
Modes of Pangean lake level cyclicity driven by astronomical climate pacing modulated by continental position and pCO[math],PNAS,https://www.pnas.org/doi/abs/10.1073/pnas.2203818119?af=R,,
Microbial co-occurrence networks as a biomonitoring tool for aquatic environments: a review,Marine and Freshwater Research,https://www.publish.csiro.au/rss_feed/MF22045.htm,,
The Ecology of the Zooplankton in Mexican Inland Waters: What We Know So Far,Limnologica,https://www.sciencedirect.com/science/article/pii/S0075951122000913?dgcid=rss_sd_all,,
Isoetid mediated radial oxygen loss prevents iron reduction and the related mobilisation of ammonium and methane: an experimental approach,Biogeochemistry,http://link.springer.com/10.1007/s10533-022-00994-w,,
Peak-season and off-season distribution of mineral nutrients in littoral vegetation of an ancient shallow reservoir,Hydrobiologia,http://link.springer.com/10.1007/s10750-022-05079-1,,
"SIMO v1.0: simplified model of the vertical temperature profile in a small, warm, monomictic lake",Geoscientific Model Development,https://doi.org/10.5194/gmd-15-8349-2022,,
Soil pH matters in the ecotoxicity of Basamid® to freshwater microalgae and macrophytes,Science of the Total Environment,https://www.sciencedirect.com/science/article/pii/S0048969722072655?dgcid=rss_sd_all,,
UNRAVELING THE INFLUENCE OF LANDSCAPE ALTERATION FROM FLOW ALTERATION ON BENTHIC MACROINVERTEBRATE ASSEMBLAGE RESPONSE IN THE DELAWARE RIVER BASIN,Ecohydrology,https://onlinelibrary.wiley.com/doi/10.1002/eco.2508?af=R,,
Increasing diversity and biotic homogenization of lake plankton during recovery from acidification,Science of the Total Environment,https://www.sciencedirect.com/science/article/pii/S0048969722073156?dgcid=rss_sd_all,,
Comparing machine learning and deep learning models for probabilistic post-processing of satellite precipitation-driven streamflow simulation,HESS,https://doi.org/10.5194/hess-2022-377,,
"Modeling river water temperature with limiting forcing data: air2stream v1.0.0, machine learning and multiple regression",Geoscientific Model Development,https://doi.org/10.5194/gmd-2022-206,,
Generation of Reproducible Model Freshwater Particulate Matter Analogues to Study the Interaction with Particulate Contaminants.,Water Research,https://www.sciencedirect.com/science/article/pii/S0043135422013306?dgcid=rss_sd_all,,
"Estimating water quality through neural networks using Terra ASTER data, water depth, and temperature of Lake Hachiroko, Japan",Environmental Modelling & Software,https://www.sciencedirect.com/science/article/pii/S1364815222002845?dgcid=rss_sd_all,,
Paradox versus paradigm: A disconnect between understanding and management of freshwater cyanobacterial harmful algae blooms,Freshwater Biology,https://onlinelibrary.wiley.com/doi/10.1111/fwb.14019?af=R,,
Interactions between microbial activity and bioturbation modes of benthic invertebrates determine nutrient releases from reservoir sediments,Freshwater Biology,https://onlinelibrary.wiley.com/doi/10.1111/fwb.14021?af=R,,
Combined effects of stream hydrology and land use on basin‐scale hyporheic zone denitrification in the Columbia River Basin,Water Resources Research,https://agupubs.onlinelibrary.wiley.com/doi/10.1029/2021WR031131?af=R,,
Rates and timing of chlorophyll-<i>a</i> increases and related environmental variables in global temperate and cold-temperate lakes,Earth System Science Data,https://doi.org/10.5194/essd-14-5139-2022,,
Spatio-temporal succession of microbial communities in plastisphere and their potentials for plastic degradation in freshwater ecosystems,Water Research,https://www.sciencedirect.com/science/article/pii/S0043135422013513?dgcid=rss_sd_all,,
Flow intermittency affects structural and functional properties of macroinvertebrate communities in alpine streams,Freshwater Biology,https://onlinelibrary.wiley.com/doi/10.1111/fwb.14018?af=R,,
A Hydraulic Modelling Approach to Study Flood Sediment Deposition in Floodplain Lakes,Earth Surface Processes and Landforms,https://onlinelibrary.wiley.com/doi/10.1002/esp.5515?af=R,,
Dripping and underground river waters shed light on the ecohydrology of a show cave,Ecohydrology,https://onlinelibrary.wiley.com/doi/10.1002/eco.2511?af=R,,
Fish movements in response to environmental flow releases in intermittent rivers,Freshwater Biology,https://onlinelibrary.wiley.com/doi/10.1111/fwb.14022?af=R,,
The dissolved oxygen budget of a small Canadian Shield lake during winter,Limnology and Oceanography,https://aslopubs.onlinelibrary.wiley.com/doi/10.1002/lno.12265?af=R,,
Evolution and attribution of the water yield coefficient in the Yiluo river basin,Frontiers in Environmental Science,https://www.frontiersin.org/articles/10.3389/fenvs.2022.1067318,,
From organismal physiology to ecological processes: Effects of nutrient enrichment and salinity variation in a freshwater ecosystem,Limnology and Oceanography,https://aslopubs.onlinelibrary.wiley.com/doi/10.1002/lno.12269?af=R,,
Periphyton and benthivorous fish affect charophyte abundance and indicate hidden nutrient loading in oligo‐ and mesotrophic temperate hardwater lakes,Freshwater Biology,https://onlinelibrary.wiley.com/doi/10.1111/fwb.14026?af=R,,
Oceanic and terrestrial origin of precipitation over 50 major world river basins: Implications for the occurrence of drought,Science of the Total Environment,https://www.sciencedirect.com/science/article/pii/S0048969722073880?dgcid=rss_sd_all,,
Spatiotemporal heterogeneity of nitrogen transformation potentials in a freshwater estuarine system,Science of the Total Environment,https://www.sciencedirect.com/science/article/pii/S004896972207437X?dgcid=rss_sd_all,,
A new trophic index (TIM2S) to evaluate trophic alteration of small shallow lakes: a predictive reference-based approach,Hydrobiologia,http://link.springer.com/10.1007/s10750-022-05098-y,,
A novel approach for estimating and predicting uncertainty in water quality index model using machine learning approaches,Water Research,https://www.sciencedirect.com/science/article/pii/S0043135422013677?dgcid=rss_sd_all,,
Simulation of water resources carrying capacity of the Hangbu River Basin based on system dynamics model and TOPSIS method,Frontiers in Environmental Science,https://www.frontiersin.org/articles/10.3389/fenvs.2022.1045907,,
"Water‐level drawdowns can improve surface water quality and alleviate bottom hypoxia in shallow, eutrophic water bodies",Freshwater Biology,https://onlinelibrary.wiley.com/doi/10.1111/fwb.14020?af=R,,
Freshwater mussel conservation: A global horizon scan of emerging threats and opportunities,Global Change Biology,https://onlinelibrary.wiley.com/doi/10.1111/gcb.16510?af=R,,
"Temporal evaluation and projections of meteorological droughts in the Greater Lake Malawi Basin, Southeast Africa",Frontiers in Water,https://www.frontiersin.org/articles/10.3389/frwa.2022.1041452,,
Reconciling disagreement on global river flood changes in a warming climate,Nature Climate Change,https://www.nature.com/articles/s41558-022-01539-7,,
Editorial: The effects of benthic-pelagic coupling on shallow lake ecosystems: Implications for lake management,Frontiers in Environmental Science,https://www.frontiersin.org/articles/10.3389/fenvs.2022.1084861,,
Glacial isostatic adjustment shapes proglacial lakes over glacial cycles,Geophysical Research Letters,https://agupubs.onlinelibrary.wiley.com/doi/10.1029/2022GL101191?af=R,,
Disproportionate Contribution of Vegetated Habitats to the CH4 and CO2 Budgets of a Boreal Lake,Ecosystems,http://link.springer.com/10.1007/s10021-021-00730-9,,
A Warm Tea: The Role of Temperature and Hydroperiod on Litter Decomposition in Temporary Wetlands,Ecosystems,http://link.springer.com/10.1007/s10021-021-00724-7,,
Hydro‐thermodynamic processes at a large confluence under reservoir regulation,Water Resources Research,https://agupubs.onlinelibrary.wiley.com/doi/10.1029/2022WR033315?af=R,,
How does over two decades of active wood reintroduction result in changes to stream channel features and aquatic habitats of a forested river system?,Earth Surface Processes and Landforms,https://onlinelibrary.wiley.com/doi/10.1002/esp.5520?af=R,,
Anthropogenic impacts on rivers: use of multiple indicators to assess environmental quality status,Hydrobiologia,http://link.springer.com/10.1007/s10750-022-05090-6,,
Performance monitoring and evaluation of water environment treatment PPP projects with multi-source heterogeneous information,Frontiers in Environmental Science,https://www.frontiersin.org/articles/10.3389/fenvs.2022.1024701,,
Carbon sequestration in aquatic ecosystems: Recent advances and challenges,Limnology and Oceanography,https://aslopubs.onlinelibrary.wiley.com/doi/10.1002/lno.12268?af=R,,
Exploring tracer information in a small stream to  improve parameter identifiability and enhance the  process interpretation in transient storage models,HESS,https://doi.org/10.5194/hess-26-6003-2022,,
"Assessing the influence of calibration methodology and model structure on glacio-hydrological simulations in the Cheakamus River Basin, British Columbia, Canad...",Journal of Hydrology X,https://www.sciencedirect.com/science/article/pii/S2589915522000268?dgcid=rss_sd_all,,
"Variation in shell morphology and life-history traits of Potamopyrgus antipodarum, a highly invasive freshwater snail in Chile",Marine and Freshwater Research,https://www.publish.csiro.au/rss_feed/MF22113.htm,,
Hydropolitics intertwined with geopolitics in the Brahmaputra River Basin,WIREs Water,https://wires.onlinelibrary.wiley.com/doi/10.1002/wat2.1626?af=R,,
"Abundance trends for river macroinvertebrates vary across taxa, trophic group and river typology",Global Change Biology,https://onlinelibrary.wiley.com/doi/10.1111/gcb.16549?af=R,,
Biogeochemical processes are altered by non-conservative mixing at stream confluences.,ESSOAr,https://www.essoar.org/doi/abs/10.1002/essoar.10512986.1?mi=3f81mc&af=R&ConceptID=15968&content=preprints&countTerms=true&target=topic,,
Featured Collection introduction: Severe sustained drought revisited managing the Colorado River system in times of water shortage 25 years later—Part II,JAWRA,https://onlinelibrary.wiley.com/doi/10.1111/1752-1688.13085?af=R,,
Climate and geology overwrite land use effects on soil organic nitrogen cycling on a continental scale,Biogeosciences,https://doi.org/10.5194/bg-19-5419-2022,,
[ASAP] Know Before You Go: Data-Driven Beach Water Quality Forecasting,Environmental Science and Technology,http://dx.doi.org/10.1021/acs.est.2c05972,,
"Lake management under severe drought: Lake Mead, Nevada/Arizona",JAWRA,https://onlinelibrary.wiley.com/doi/10.1111/1752-1688.13090?af=R,,
Deep photoautotrophic prokaryotes contribute substantially to carbon dynamics in oxygen‐deficient waters in a permanently redox‐stratified freshwater lake,Limnology and Oceanography,https://aslopubs.onlinelibrary.wiley.com/doi/10.1002/lno.12262?af=R,,
Longer duration of seasonal stratification contributes to widespread increases in lake hypoxia and anoxia,Global Change Biology,https://onlinelibrary.wiley.com/doi/10.1111/gcb.16525?af=R,,
Tracing the role of Arctic shelf processes in Si and N cycling and export through the Fram Strait: insights from combined silicon and nitrate isotopes,Biogeosciences,https://doi.org/10.5194/bg-19-5499-2022,,
Lake operation optimization of nutrient exports: Application of phosphorus control in the largest subtropical lake in the United States,Environmental Modelling & Software,https://www.sciencedirect.com/science/article/pii/S1364815222003036?dgcid=rss_sd_all,,
"Lake morphological characteristics and climatic factors affect long-term trends of phytoplankton community in the Rotorua Te Arawa lakes, New Zealand during 23...",Water Research,https://www.sciencedirect.com/science/article/pii/S0043135422014142?dgcid=rss_sd_all,,
Effects of landscape conservation on the ecohydrological and water quality functions and services and their driving factors,Science of the Total Environment,https://www.sciencedirect.com/science/article/pii/S0048969722077981?dgcid=rss_sd_all,,
Controls on spatial variability in mean concentrations and export patterns of river chemistry across the Australian continent,Water Resources Research,https://agupubs.onlinelibrary.wiley.com/doi/10.1029/2022WR032365?af=R,,
Analysis of spatiotemporal variation in dissolved organic carbon concentrations for streams with cropland-dominated watersheds,Science of the Total Environment,https://www.sciencedirect.com/science/article/pii/S0048969722078470?dgcid=rss_sd_all,,
"Basin-scale gyres and mesoscale eddies in large lakes: a novel procedure for their detection and characterization, assessed in Lake Geneva",Geoscientific Model Development,https://doi.org/10.5194/gmd-15-8785-2022,,
Editorial: Biodiversity in a changing world: How do species traits reflect anthropogenic changes in aquatic ecosystems?,Frontiers in Environmental Science,https://www.frontiersin.org/articles/10.3389/fenvs.2022.1111546,,
"Sedimentary, littoral and planktic diatoms show different diversity patterns and assembly mechanisms in mountain lakes of the northern European Alps",Hydrobiologia,http://link.springer.com/10.1007/s10750-022-05103-4,,
Methane emissions from Arctic landscapes during 2000–2015: An analysis with land and lake biogeochemistry models,Biogeosciences,https://doi.org/10.5194/bg-2022-220,,
Nutrient function over form: Organic and inorganic nitrogen additions have similar effects on lake phytoplankton nutrient limitation,Limnology and Oceanography,https://aslopubs.onlinelibrary.wiley.com/doi/10.1002/lno.12270?af=R,,
Innovative approach to reveal source contribution of dissolved organic matter in a complex river watershed using end-member mixing analysis based on spectrosco...,Water Research,https://www.sciencedirect.com/science/article/pii/S0043135422014154?dgcid=rss_sd_all,,
Estimation of dissolved organic carbon from inland waters at a large scale using satellite data and machine learning methods,Water Research,https://www.sciencedirect.com/science/article/pii/S0043135422014233?dgcid=rss_sd_all,,
Diversity and distribution of lacustrine diatoms along the Trans‐Mexican Volcanic Belt,Freshwater Biology,https://onlinelibrary.wiley.com/doi/10.1111/fwb.14033?af=R,,
Disentangling scatter in long-term concentration–discharge relationships: the role of event types,HESS,https://doi.org/10.5194/hess-26-6227-2022,,
Vadose-zone alteration of metaschoepite and ceramic UO<sub>2</sub> in Savannah River Site field lysimeters,Science of the Total Environment,https://www.sciencedirect.com/science/article/pii/S0048969722079657?dgcid=rss_sd_all,,
A foam column system harvesting freshwater algae for biodiesel production: An experiment and process model evaluations,Science of the Total Environment,https://www.sciencedirect.com/science/article/pii/S0048969722078056?dgcid=rss_sd_all,,
Turning up the heat: Long‐term water quality responses to wildfires and climate change in a hypereutrophic lake,Ecosphere,https://esajournals.onlinelibrary.wiley.com/doi/10.1002/ecs2.4271?af=R,,
Ecological value of gravel pit ponds for floodplain wetland fish,Freshwater Biology,https://onlinelibrary.wiley.com/doi/10.1111/fwb.14029?af=R,,
Environmental and hydrologic controls on sediment and organic carbon export from a subalpine catchment: insights from a time series,Biogeosciences,https://doi.org/10.5194/bg-19-5591-2022,,
Setting Targets for Wetland Restoration to Mitigate Climate Change Effects on Watershed Hydrology,Environmental Management,http://link.springer.com/10.1007/s00267-022-01763-z,,
Explaining the climate sensitivity of junction geometry in global river networks,PNAS,https://www.pnas.org/doi/abs/10.1073/pnas.2211942119?af=R,,
A GIS workflow for the identification of corridors of geomorphic river recovery across landscapes.,PLOS ONE,https://journals.plos.org/plosone/article?id=10.1371/journal.pone.0278831,,
REVIVE: A feasibility assessment tool for freshwater fish conservation translocations in Mediterranean rivers,Science of the Total Environment,https://www.sciencedirect.com/science/article/pii/S0048969722076987?dgcid=rss_sd_all,,
Impact of mindfulness on irrigation water consumption,Frontiers in Water,https://www.frontiersin.org/articles/10.3389/frwa.2022.1062835,,
A bacterium from a mountain lake harvests light using both proton-pumping xanthorhodopsins and bacteriochlorophyll-based photosystems,PNAS,https://www.pnas.org/doi/abs/10.1073/pnas.2211018119?af=R,,
Interdisciplinary strategy to assess the impact of meteorological variables on the biochemical composition of the rain and the dynamics of a small eutrophic la...,Biogeosciences,https://doi.org/10.5194/bg-19-5729-2022,,
A data set of global river networks and corresponding water resources zones divisions v2,Nature Scientific Data,https://www.nature.com/articles/s41597-022-01888-0,,
Resolving the Drivers of Algal Nutrient Limitation from Boreal to Arctic Lakes and Streams,Ecosystems,http://link.springer.com/10.1007/s10021-022-00759-4,,
Freshwater corridors in the conterminous United States: A coarse‐filter approach based on lake‐stream networks,Ecosphere,https://esajournals.onlinelibrary.wiley.com/doi/10.1002/ecs2.4326?af=R,,
"Mid-century change analysis of temperature and precipitation maxima in the Swat River Basin, Pakistan",Frontiers in Environmental Science,https://www.frontiersin.org/articles/10.3389/fenvs.2022.973759,,
Trophic Transfer Efficiency in Lakes,Ecosystems,http://link.springer.com/10.1007/s10021-022-00776-3,,
Cattle access to small streams increases concentrations of Escherichia coli in bed sediments,Hydrobiologia,http://link.springer.com/10.1007/s10750-022-05091-5,,
The microbial community spatially varies during a Microcystis bloom event in Lake Kinneret,Freshwater Biology,https://onlinelibrary.wiley.com/doi/10.1111/fwb.14030?af=R,,
Mixing dynamics at river confluences governed by intermodal behaviour,Nature Geoscience,https://www.nature.com/articles/s41561-022-01091-1,,
Evaluation of wetland CH4 in the Joint UK Land Environment Simulator (JULES) land surface model using satellite observations,Biogeosciences,https://doi.org/10.5194/bg-19-5779-2022,,
Steps dominate gas evasion from a mountain headwater stream,Nature Communications,https://www.nature.com/articles/s41467-022-35552-3,,
[ASAP] Internalization of the Metal–Organic Framework MIL-101(Cr)-NH<sub>2</sub> by a Freshwater Alga and Transfer to Zooplankton,Environmental Science and Technology,http://dx.doi.org/10.1021/acs.est.2c03780,,
Clarifying water clarity: A call to use metrics best suited to corresponding research and management goals in aquatic ecosystems,Limnology and Oceanography: Letters,https://aslopubs.onlinelibrary.wiley.com/doi/10.1002/lol2.10301?af=R,,
[ASAP] Decoupling of Estuarine Hypoxia and Acidification as Revealed by Historical Water Quality Data,Environmental Science and Technology,http://dx.doi.org/10.1021/acs.est.2c05949,,
Hydrodynamic and geochemical controls on soil carbon mineralization upon entry into aquatic systems,Water Research,https://www.sciencedirect.com/science/article/pii/S0043135422014440?dgcid=rss_sd_all,,
"Carbon emission and export from the Ket River, western Siberia",Biogeosciences,https://doi.org/10.5194/bg-19-5859-2022,,
Parameter transferability of a distributed hydrological model to droughts,HESS,https://doi.org/10.5194/hess-2022-416,,
The ecosystem implications of road salt as a pollutant of freshwaters,WIREs Water,https://wires.onlinelibrary.wiley.com/doi/10.1002/wat2.1629?af=R,y,2022-12-20
Beyond precipitation: diversity of drivers of high river flows in European near-natural catchments,HESS,https://doi.org/10.5194/hess-2022-404,y,2022-12-20
No evidence for persistent natural plague reservoirs in historical and modern Europe,PNAS,https://www.pnas.org/doi/abs/10.1073/pnas.2209816119?af=R,,
Fine-scale analysis of the most important drivers of the Central European mosquito harm,Hydrobiologia,http://link.springer.com/10.1007/s10750-022-05119-w,,
Freshwater wetland–driven variation in sulfur isotope compositions: Implications for human paleodiet and ecological research,Frontiers in Ecology and Evolution,https://www.frontiersin.org/articles/10.3389/fevo.2022.953042,,
Are riparian vegetation flow response guilds transferable between rivers?,Freshwater Biology,https://onlinelibrary.wiley.com/doi/10.1111/fwb.14034?af=R,,
Macrosystem community change in lake phytoplankton and its implications for diversity and function,Global Ecology and Biogeography,https://onlinelibrary.wiley.com/doi/10.1111/geb.13626?af=R,,
NALMS Seeks Editor-in-Chief for Lake and Reservoir Management,Lake and Reservoir Management,https://www.tandfonline.com/doi/full/10.1080/10402381.2022.2157666?af=R,,
Novel insights into aerobic denitrifying bacterial communities augmented denitrification capacity and mechanisms in lake waters,Science of the Total Environment,https://www.sciencedirect.com/science/article/pii/S0048969722081141?dgcid=rss_sd_all,,
Warming and phosphorus enrichment alter the size structure and body stoichiometry of aquatic gastropods,Frontiers in Ecology and Evolution,https://www.frontiersin.org/articles/10.3389/fevo.2022.979378,,
Hydrologic and landscape controls on dissolved organic matter composition across western North American Arctic lakes,Global Biogeochemical Cycles,https://agupubs.onlinelibrary.wiley.com/doi/10.1029/2022GB007495?af=R,,
Linking human impacts to community processes in terrestrial and freshwater ecosystems,Ecology Letters,https://onlinelibrary.wiley.com/doi/10.1111/ele.14153?af=R,,
"Microbial pathways in the coupling of iron, sulfur, and phosphorus cycles at the sediment–water interface of a river system: An <em>in situ</em> study involvin...",Science of the Total Environment,https://www.sciencedirect.com/science/article/pii/S004896972207958X?dgcid=rss_sd_all,,
Three-dimensional observations of particulate organic carbon in shallow eutrophic lakes from space,Water Research,https://www.sciencedirect.com/science/article/pii/S0043135422014646?dgcid=rss_sd_all,,
Moving land models towards more actionable science: A novel application of the Community Terrestrial Systems Model across Alaska and the Yukon River Basin,Water Resources Research,https://agupubs.onlinelibrary.wiley.com/doi/10.1029/2022WR032204?af=R,,
"Microcystin as a biogeochemical cycle: Pools, fluxes, and fates of the cyanotoxin in inland waters",Limnology and Oceanography: Letters,https://aslopubs.onlinelibrary.wiley.com/doi/10.1002/lol2.10300?af=R,,
Long-term water quality monitoring in agricultural catchments in Sweden: Impact of climatic drivers on diffuse nutrient loads,Science of the Total Environment,https://www.sciencedirect.com/science/article/pii/S0048969722080810?dgcid=rss_sd_all,,
Six decades of hindsight into Yesa reservoir (Central Spanish Pyrenees): River flow dwindles as vegetation cover increases and Mediterranean atmospheric dynami...,Water Resources Research,https://agupubs.onlinelibrary.wiley.com/doi/10.1029/2022WR033304?af=R,,
Nitrogen reduction by aerobic denitrifying fungi isolated from reservoirs using biodegradation materials for electron donor: Capability and adaptability in the...,Science of the Total Environment,https://www.sciencedirect.com/science/article/pii/S0048969722081670?dgcid=rss_sd_all,,
Channel water storage anomaly: A new remotely sensed quantity for global river analysis,Geophysical Research Letters,https://agupubs.onlinelibrary.wiley.com/doi/10.1029/2022GL100185?af=R,,
Multiple dimensions of functional diversity affect stream fish taxonomic β‐diversity,Freshwater Biology,https://onlinelibrary.wiley.com/doi/10.1111/fwb.14036?af=R,,
Identifying freshwater priority areas for cross-taxa interactions,Science of the Total Environment,https://www.sciencedirect.com/science/article/pii/S0048969722081761?dgcid=rss_sd_all,,
Spatiotemporal variations of large wood and river channel morphology in a rapidly degraded reach of an intermittent river,Earth Surface Processes and Landforms,https://onlinelibrary.wiley.com/doi/10.1002/esp.5531?af=R,,
"A lidar‐based assessment of riparian shade and large wood potential in the Skagit River watershed, WA",JAWRA,https://onlinelibrary.wiley.com/doi/10.1111/1752-1688.13099?af=R,,
Effects of detection limits on spatial modeling of water quality in lakes,Science of the Total Environment,https://www.sciencedirect.com/science/article/pii/S0048969722081554?dgcid=rss_sd_all,,
The combined effect of surface water and groundwater on environmental heterogeneity reveals the basis of beta diversity pattern in desert oasis communities.,PLOS ONE,https://journals.plos.org/plosone/article?id=10.1371/journal.pone.0279704,,
A simple metric for predicting the timing of river phytoplankton blooms,Ecosphere,https://esajournals.onlinelibrary.wiley.com/doi/10.1002/ecs2.4348?af=R,,
[ASAP] Regulation of the Nutrient Cycle Pathway and the Microbial Loop Structure by Different Types of Dissolved Organic Matter Decomposition in Lakes,Environmental Science and Technology,http://dx.doi.org/10.1021/acs.est.2c06912,,
Recognizing the variation of bioavailable organic phosphorus in sediment and its significance between high and low risk periods for algal blooms in Lake Erhai,Water Research,https://www.sciencedirect.com/science/article/pii/S0043135422014592?dgcid=rss_sd_all,,
